{
    "name": "root",
    "gauges": {
        "ChasersBehaviour.Policy.Entropy.mean": {
            "value": 1.4179438352584839,
            "min": 1.3735896348953247,
            "max": 1.4179438352584839,
            "count": 2003
        },
        "ChasersBehaviour.Policy.Entropy.sum": {
            "value": 725.9872436523438,
            "min": 78.86875915527344,
            "max": 1358.1285400390625,
            "count": 2003
        },
        "ChasersBehaviour.Environment.EpisodeLength.mean": {
            "value": 111.25,
            "min": 19.0,
            "max": 199.0,
            "count": 1987
        },
        "ChasersBehaviour.Environment.EpisodeLength.sum": {
            "value": 445.0,
            "min": 19.0,
            "max": 1244.0,
            "count": 1987
        },
        "ChasersBehaviour.Policy.ExtrinsicValueEstimate.mean": {
            "value": 0.010921181179583073,
            "min": -0.029782753437757492,
            "max": 0.3468885123729706,
            "count": 2003
        },
        "ChasersBehaviour.Policy.ExtrinsicValueEstimate.sum": {
            "value": 0.12013299018144608,
            "min": -0.2978275418281555,
            "max": 4.286256313323975,
            "count": 2003
        },
        "ChasersBehaviour.Environment.CumulativeReward.mean": {
            "value": 0.10000020815938342,
            "min": 0.0,
            "max": 0.3655294179916382,
            "count": 1998
        },
        "ChasersBehaviour.Environment.CumulativeReward.sum": {
            "value": 0.5000010407969171,
            "min": 0.0,
            "max": 2.201479894023314,
            "count": 1998
        },
        "ChasersBehaviour.Policy.ExtrinsicReward.mean": {
            "value": 0.10000020815938342,
            "min": 0.0,
            "max": 0.3655294179916382,
            "count": 1998
        },
        "ChasersBehaviour.Policy.ExtrinsicReward.sum": {
            "value": 0.5000010407969171,
            "min": 0.0,
            "max": 2.201479894023314,
            "count": 1998
        },
        "ChasersBehaviour.IsTraining.mean": {
            "value": 1.0,
            "min": 1.0,
            "max": 1.0,
            "count": 2003
        },
        "ChasersBehaviour.IsTraining.sum": {
            "value": 1.0,
            "min": 1.0,
            "max": 1.0,
            "count": 2003
        },
        "ChasersBehaviour.Losses.PolicyLoss.mean": {
            "value": 0.021286436482914724,
            "min": 0.017245251158019528,
            "max": 0.030236803558655084,
            "count": 97
        },
        "ChasersBehaviour.Losses.PolicyLoss.sum": {
            "value": 0.021286436482914724,
            "min": 0.017245251158019528,
            "max": 0.030236803558655084,
            "count": 97
        },
        "ChasersBehaviour.Losses.ValueLoss.mean": {
            "value": 0.0017303381976671516,
            "min": 0.00031022729963297023,
            "max": 0.005050096022896469,
            "count": 97
        },
        "ChasersBehaviour.Losses.ValueLoss.sum": {
            "value": 0.0017303381976671516,
            "min": 0.00031022729963297023,
            "max": 0.005050096022896469,
            "count": 97
        },
        "ChasersBehaviour.Policy.LearningRate.mean": {
            "value": 0.00024022309992564,
            "min": 0.00024022309992564,
            "max": 0.00029938506020497994,
            "count": 97
        },
        "ChasersBehaviour.Policy.LearningRate.sum": {
            "value": 0.00024022309992564,
            "min": 0.00024022309992564,
            "max": 0.00029938506020497994,
            "count": 97
        },
        "ChasersBehaviour.Policy.Epsilon.mean": {
            "value": 0.18007436000000004,
            "min": 0.18007436000000004,
            "max": 0.19979502,
            "count": 97
        },
        "ChasersBehaviour.Policy.Epsilon.sum": {
            "value": 0.18007436000000004,
            "min": 0.18007436000000004,
            "max": 0.19979502,
            "count": 97
        },
        "ChasersBehaviour.Policy.Beta.mean": {
            "value": 0.004005710564000001,
            "min": 0.004005710564000001,
            "max": 0.004989771498,
            "count": 97
        },
        "ChasersBehaviour.Policy.Beta.sum": {
            "value": 0.004005710564000001,
            "min": 0.004005710564000001,
            "max": 0.004989771498,
            "count": 97
        },
        "RunnersBehaviour.Policy.Entropy.mean": {
            "value": 1.5719183683395386,
            "min": 1.4735592603683472,
            "max": 1.5719184875488281,
            "count": 2003
        },
        "RunnersBehaviour.Policy.Entropy.sum": {
            "value": 804.8222045898438,
            "min": 105.0072250366211,
            "max": 1460.6630859375,
            "count": 2003
        },
        "RunnersBehaviour.Environment.EpisodeLength.mean": {
            "value": 111.25,
            "min": 19.0,
            "max": 199.0,
            "count": 1992
        },
        "RunnersBehaviour.Environment.EpisodeLength.sum": {
            "value": 445.0,
            "min": 19.0,
            "max": 1121.0,
            "count": 1992
        },
        "RunnersBehaviour.Policy.ExtrinsicValueEstimate.mean": {
            "value": 0.32164865732192993,
            "min": 0.20505623519420624,
            "max": 0.6863237619400024,
            "count": 2003
        },
        "RunnersBehaviour.Policy.ExtrinsicValueEstimate.sum": {
            "value": 3.538135290145874,
            "min": 1.8461918830871582,
            "max": 10.008278846740723,
            "count": 2003
        },
        "RunnersBehaviour.Environment.CumulativeReward.mean": {
            "value": 0.49999979734420774,
            "min": 0.0,
            "max": 1.0,
            "count": 1998
        },
        "RunnersBehaviour.Environment.CumulativeReward.sum": {
            "value": 2.499998986721039,
            "min": 0.0,
            "max": 13.617502331733704,
            "count": 1998
        },
        "RunnersBehaviour.Policy.ExtrinsicReward.mean": {
            "value": 0.49999979734420774,
            "min": 0.0,
            "max": 1.0,
            "count": 1998
        },
        "RunnersBehaviour.Policy.ExtrinsicReward.sum": {
            "value": 2.499998986721039,
            "min": 0.0,
            "max": 13.617502331733704,
            "count": 1998
        },
        "RunnersBehaviour.IsTraining.mean": {
            "value": 1.0,
            "min": 1.0,
            "max": 1.0,
            "count": 2003
        },
        "RunnersBehaviour.IsTraining.sum": {
            "value": 1.0,
            "min": 1.0,
            "max": 1.0,
            "count": 2003
        },
        "RunnersBehaviour.Losses.PolicyLoss.mean": {
            "value": 0.022917736767558382,
            "min": 0.017403978733345867,
            "max": 0.029843947102053788,
            "count": 97
        },
        "RunnersBehaviour.Losses.PolicyLoss.sum": {
            "value": 0.022917736767558382,
            "min": 0.017403978733345867,
            "max": 0.029843947102053788,
            "count": 97
        },
        "RunnersBehaviour.Losses.ValueLoss.mean": {
            "value": 0.017028290070593356,
            "min": 0.007978874081745744,
            "max": 0.018173582311719658,
            "count": 97
        },
        "RunnersBehaviour.Losses.ValueLoss.sum": {
            "value": 0.017028290070593356,
            "min": 0.007978874081745744,
            "max": 0.018173582311719658,
            "count": 97
        },
        "RunnersBehaviour.Policy.LearningRate.mean": {
            "value": 0.00024022309992564,
            "min": 0.00024022309992564,
            "max": 0.00029938506020497994,
            "count": 97
        },
        "RunnersBehaviour.Policy.LearningRate.sum": {
            "value": 0.00024022309992564,
            "min": 0.00024022309992564,
            "max": 0.00029938506020497994,